<?xml version="1.0" encoding="UTF-8"?>
<project-private xmlns="http://www.netbeans.org/ns/project-private/1">
    <editor-bookmarks xmlns="http://www.netbeans.org/ns/editor-bookmarks/2" lastBookmarkId="0"/>
    <open-files xmlns="http://www.netbeans.org/ns/projectui-open-files/2">
        <group>
            <file>file:/C:/Users/nobbe/Documents/GitHub/SWP391_Block5_SU24/SWP391_Block5_SU24/src/java/servlet/UserProfileServlet.java</file>
            <file>file:/C:/Users/nobbe/Documents/GitHub/SWP391_Block5_SU24/SWP391_Block5_SU24/src/java/model/UserProfile.java</file>
            <file>file:/C:/Users/nobbe/Documents/GitHub/SWP391_Block5_SU24/SWP391_Block5_SU24/src/java/model/DAOCart.java</file>
            <file>file:/C:/Users/nobbe/Documents/GitHub/SWP391_Block5_SU24/SWP391_Block5_SU24/src/java/Controller/logincotroller.java</file>
            <file>file:/C:/Users/nobbe/Documents/GitHub/SWP391_Block5_SU24/SWP391_Block5_SU24/web/profile.jsp</file>
            <file>file:/C:/Users/nobbe/Documents/GitHub/SWP391_Block5_SU24/SWP391_Block5_SU24/web/about.html</file>
            <file>file:/C:/Users/nobbe/Documents/GitHub/SWP391_Block5_SU24/SWP391_Block5_SU24/web/sass/bootstrap/_root.scss</file>
            <file>file:/C:/Users/nobbe/Documents/GitHub/SWP391_Block5_SU24/SWP391_Block5_SU24/web/WEB-INF/web.xml</file>
            <file>file:/C:/Users/nobbe/Documents/GitHub/SWP391_Block5_SU24/SWP391_Block5_SU24/src/java/dao/UserProfileDAO.java</file>
        </group>
        <group name="SWP391">
            <file>file:/C:/Users/nobbe/Documents/GitHub/SWP391_Block5_SU24/SWP391_Block5_SU24/web/manager_table.jsp</file>
            <file>file:/C:/Users/nobbe/Documents/GitHub/SWP391_Block5_SU24/SWP391_Block5_SU24/web/manager_home.jsp</file>
        </group>
    </open-files>
</project-private>
